time [s],x-distance [m],y-distance [m],Øx-velocity [m/s],Øy-velocity [m/s]
"0,0000","0,1108","0,1629","",""
"0,0160","0,1074","0,1655","-0,2169","0,1621"
"0,0330","0,1069","0,1679","-0,0289","0,1402"
"0,0500","0,1068","0,1693","-0,0062","0,0825"
"0,0660","0,1050","0,1694","-0,1073","0,0066"
"0,0830","0,1021","0,1744","-0,1752","0,2969"
"0,1000","0,0936","0,1791","-0,4989","0,2742"
"0,1160","0,0755","0,1921","-1,1281","0,8170"
"0,1330","0,0498","0,2011","-1,5112","0,5298"
"0,1500","0,0126","0,2089","-2,1915","0,4536"
"0,1660","-0,0275","0,2091","-2,5081","0,0175"
"0,1830","-0,0611","0,2005","-1,9709","-0,5092"
"0,2000","-0,0811","0,1927","-1,1813","-0,4556"
"0,2160","-0,0913","0,1875","-0,6331","-0,3242"
"0,2330","-0,0896","0,1880","0,0969","0,0289"
"0,2500","-0,0763","0,1944","0,7855","0,3752"
"0,2660","-0,0532","0,2044","1,4413","0,6221"
"0,2830","-0,0183","0,2090","2,0513","0,2701"
"0,3000","0,0203","0,2103","2,2740","0,0783"
"0,3160","0,0510","0,2029","1,9189","-0,4600"
"0,3330","0,0714","0,1947","1,1999","-0,4845"
"0,3500","0,0826","0,1892","0,6597","-0,3257"
"0,3660","0,0769","0,1915","-0,3570","0,1490"
"0,3830","0,0612","0,2003","-0,9236","0,5133"
"0,4000","0,0361","0,2072","-1,4782","0,4082"
"0,4160","0,0021","0,2122","-2,1270","0,3110"
"0,4330","-0,0325","0,2097","-2,0307","-0,1464"
"0,4500","-0,0609","0,2010","-1,6741","-0,5113"
"0,4660","-0,0802","0,1933","-1,2070","-0,4841"
"0,4830","-0,0831","0,1912","-0,1691","-0,1196"
"0,5000","-0,0771","0,1938","0,3525","0,1526"
"0,5160","-0,0640","0,2007","0,8171","0,4293"
"0,5330","-0,0388","0,2072","1,4823","0,3835"
"0,5500","-0,0031","0,2095","2,1049","0,1319"
"0,5660","0,0292","0,2086","2,0131","-0,0504"
"0,5830","0,0523","0,2044","1,3607","-0,2515"
"0,6000","0,0682","0,1981","0,9360","-0,3670"
"0,6160","0,0754","0,1933","0,4512","-0,3023"
"0,6330","0,0682","0,1962","-0,4247","0,1691"
"0,6500","0,0495","0,2026","-1,0989","0,3773"
"0,6660","0,0217","0,2082","-1,7414","0,3505"
"0,6830","-0,0086","0,2133","-1,7813","0,2989"
"0,7000","-0,0380","0,2079","-1,7256","-0,3134"
"0,7160","-0,0619","0,2016","-1,4939","-0,3965"
"0,7330","-0,0756","0,1971","-0,8082","-0,2639"
"0,7500","-0,0752","0,1959","0,0247","-0,0722"
"0,7660","-0,0686","0,2000","0,4118","0,2563"
"0,7830","-0,0528","0,2037","0,9298","0,2206"
"0,8000","-0,0288","0,2100","1,4081","0,3690"
"0,8160","0,0060","0,2114","2,1752","0,0854"
"0,8330","0,0327","0,2071","1,5730","-0,2515"
"0,8500","0,0532","0,2022","1,2061","-0,2866"
"0,8660","0,0633","0,1988","0,6309","-0,2169"
"0,8830","0,0660","0,1970","0,1567","-0,1051"
"0,9000","0,0568","0,1991","-0,5381","0,1258"
"0,9160","0,0380","0,2088","-1,1763","0,6068"
"0,9330","0,0116","0,2111","-1,5524","0,1319"
"0,9500","-0,0175","0,2118","-1,7132","0,0454"
"0,9660","-0,0428","0,2067","-1,5772","-0,3220"
"0,9830","-0,0614","0,2007","-1,0989","-0,3546"
"1,0000","-0,0720","0,1972","-0,6226","-0,2020"
"1,0160","-0,0705","0,1981","0,0964","0,0526"
"1,0330","-0,0606","0,2016","0,5814","0,2103"
"1,0500","-0,0440","0,2078","0,9772","0,3649"
"1,0660","-0,0200","0,2104","1,5005","0,1621"
"1,0830","0,0114","0,2103","1,8472","-0,0062"
"1,1000","0,0361","0,2092","1,4535","-0,0680"
"1,1160","0,0531","0,2033","1,0624","-0,3702"
"1,1330","0,0609","0,2016","0,4577","-0,0969"
"1,1500","0,0598","0,2004","-0,0680","-0,0680"
"1,1660","0,0490","0,2040","-0,6703","0,2212"
"1,1830","0,0292","0,2085","-1,1648","0,2680"
"1,2000","0,0028","0,2114","-1,5524","0,1670"
"1,2160","-0,0239","0,2106","-1,6713","-0,0460"
"1,2330","-0,0460","0,2055","-1,3009","-0,3010"
"1,2500","-0,0602","0,2010","-0,8350","-0,2680"
"1,2660","-0,0685","0,1997","-0,5170","-0,0789"
"1,2830","-0,0639","0,1999","0,2721","0,0082"
"1,3000","-0,0523","0,2048","0,6803","0,2886"
"1,3160","-0,0336","0,2098","1,1653","0,3132"
"1,3330","-0,0094","0,2111","1,4267","0,0783"
"1,3500","0,0173","0,2150","1,5689","0,2309"
"1,3660","0,0394","0,2078","1,3822","-0,4512"
"1,3830","0,0544","0,2058","0,8844","-0,1175"
"1,4000","0,0592","0,2021","0,2804","-0,2206"
"1,4160","0,0543","0,2038","-0,3067","0,1073"
"1,4330","0,0420","0,2068","-0,7216","0,1773"
"1,4500","0,0216","0,2104","-1,2019","0,2144"
"1,4660","-0,0041","0,2117","-1,6078","0,0767"
"1,4830","-0,0295","0,2100","-1,4906","-0,0969"
"1,5000","-0,0482","0,2049","-1,0989","-0,2989"
"1,5160","-0,0606","0,2031","-0,7776","-0,1139"
"1,5330","-0,0616","0,2005","-0,0577","-0,1526"
"1,5500","-0,0573","0,2027","0,2495","0,1258"
"1,5660","-0,0432","0,2056","0,8828","0,1818"
"1,5830","-0,0243","0,2089","1,1112","0,1979"
"1,6000","-0,0039","0,2143","1,2019","0,3154"
"1,6160","0,0227","0,2098","1,6626","-0,2826"
"1,6330","0,0391","0,2079","0,9648","-0,1072"
"1,6500","0,0527","0,2058","0,7999","-0,1278"
"1,6660","0,0557","0,2031","0,1840","-0,1687"
"1,6830","0,0488","0,2060","-0,4041","0,1732"
"1,7000","0,0355","0,2096","-0,7814","0,2082"
"1,7160","0,0150","0,2138","-1,2814","0,2629"
"1,7330","-0,0129","0,2117","-1,6431","-0,1216"
"1,7500","-0,0349","0,2095","-1,2926","-0,1299"
"1,7660","-0,0500","0,2068","-0,9419","-0,1687"
"1,7830","-0,0588","0,2028","-0,5216","-0,2371"
"1,8000","-0,0581","0,2014","0,0412","-0,0825"
"1,8160","-0,0522","0,2050","0,3724","0,2256"
"1,8330","-0,0357","0,2074","0,9710","0,1402"
"1,8500","-0,0179","0,2115","1,0453","0,2412"
"1,8660","0,0044","0,2119","1,3953","0,0307"
"1,8830","0,0266","0,2093","1,3050","-0,1526"
"1,9000","0,0414","0,2045","0,8700","-0,2866"
"1,9160","0,0525","0,2039","0,6922","-0,0350"
"1,9330","0,0538","0,2011","0,0783","-0,1629"
"1,9500","0,0422","0,2064","-0,6824","0,3072"
"1,9660","0,0289","0,2102","-0,8324","0,2366"
"1,9830","0,0052","0,2124","-1,3916","0,1299"
"2,0000","-0,0141","0,2078","-1,1360","-0,2680"
"2,0160","-0,0366","0,2098","-1,4085","0,1227"
"2,0330","-0,0498","0,2054","-0,7731","-0,2577"
"2,0500","-0,0552","0,2037","-0,3175","-0,0969"
"2,0660","-0,0545","0,2028","0,0438","-0,0591"
"2,0830","-0,0465","0,2068","0,4680","0,2350"
"2,1000","-0,0329","0,2094","0,7979","0,1526"
"2,1160","-0,0136","0,2125","1,2113","0,1928"
"2,1330","0,0103","0,2132","1,4060","0,0412"
"2,1500","0,0309","0,2106","1,2122","-0,1526"
"2,1660","0,0431","0,2078","0,7579","-0,1752"
"2,1830","0,0488","0,2061","0,3340","-0,0990"
"2,2000","0,0470","0,2064","-0,1010","0,0165"
"2,2160","0,0366","0,2103","-0,6528","0,2431"
"2,2330","0,0191","0,2115","-1,0267","0,0742"
"2,2500","0,0006","0,2122","-1,0906","0,0371"
"2,2660","-0,0205","0,2082","-1,3209","-0,2475"
"2,2830","-0,0382","0,2064","-1,0391","-0,1031"
"2,3000","-0,0497","0,2059","-0,6783","-0,0309"
"2,3160","-0,0541","0,2020","-0,2716","-0,2475"
"2,3330","-0,0516","0,2022","0,1484","0,0124"
"2,3500","-0,0426","0,2074","0,5257","0,3072"
"2,3660","-0,0276","0,2108","0,9375","0,2125"
"2,3830","-0,0055","0,2111","1,3009","0,0165"
"2,4000","0,0139","0,2131","1,1421","0,1175"
"2,4160","0,0305","0,2088","1,0361","-0,2672"
"2,4330","0,0417","0,2101","0,6577","0,0763"
"2,4500","0,0481","0,2068","0,3793","-0,1917"
"2,4660","0,0438","0,2076","-0,2716","0,0460"
"2,4830","0,0308","0,2126","-0,7607","0,2948"
"2,5000","0,0144","0,2131","-0,9690","0,0309"
"2,5160","-0,0039","0,2136","-1,1434","0,0307"
"2,5330","-0,0257","0,2093","-1,2782","-0,2515"
"2,5500","-0,0413","0,2073","-0,9216","-0,1196"
"2,5660","-0,0486","0,2034","-0,4534","-0,2453"
"2,5830","-0,0529","0,2060","-0,2556","0,1546"
"2,6000","-0,0488","0,2070","0,2433","0,0618"
"2,6160","-0,0372","0,2071","0,7272","0,0066"
"2,6330","-0,0207","0,2117","0,9669","0,2659"
"2,6500","-0,0020","0,2105","1,0989","-0,0660"
"2,6660","0,0169","0,2112","1,1807","0,0394"
"2,6830","0,0327","0,2107","0,9319","-0,0268"
"2,7000","0,0422","0,2080","0,5608","-0,1587"
"2,7160","0,0453","0,2052","0,1928","-0,1774"
"2,7330","0,0398","0,2075","-0,3216","0,1381"
"2,7500","0,0260","0,2109","-0,8123","0,1959"
"2,7660","0,0095","0,2111","-1,0317","0,0131"
"2,7830","-0,0101","0,2137","-1,1566","0,1546"
"2,8000","-0,0283","0,2112","-1,0700","-0,1484"
"2,8160","-0,0440","0,2070","-0,9770","-0,2629"
"2,8330","-0,0481","0,2059","-0,2412","-0,0618"
"2,8500","-0,0480","0,2055","0,0021","-0,0268"
"2,8660","-0,0443","0,2092","0,2322","0,2322"
"2,8830","-0,0321","0,2110","0,7195","0,1093"
"2,9000","-0,0150","0,2117","1,0061","0,0392"
"2,9160","0,0049","0,2136","1,2398","0,1161"
"2,9330","0,0197","0,2104","0,8741","-0,1835"
"2,9500","0,0346","0,2070","0,8721","-0,2020"
"2,9660","0,0416","0,2054","0,4403","-0,1030"
"2,9830","0,0422","0,2054","0,0371","0,0041"
"3,0000","0,0331","0,2079","-0,5381","0,1464"
"3,0160","0,0216","0,2094","-0,7185","0,0942"
"3,0330","0,0025","0,2108","-1,1236","0,0783"
"3,0500","-0,0161","0,2124","-1,0947","0,0969"
"3,0660","-0,0309","0,2090","-0,9266","-0,2147"
"3,0830","-0,0432","0,2065","-0,7195","-0,1423"
"3,1000","-0,0464","0,2039","-0,1917","-0,1567"
"3,1160","-0,0471","0,2053","-0,0416","0,0898"
"3,1330","-0,0379","0,2056","0,5402","0,0144"
"3,1500","-0,0267","0,2087","0,6618","0,1855"
"3,1660","-0,0097","0,2090","1,0602","0,0197"
"3,1830","0,0081","0,2101","1,0453","0,0598"
"3,2000","0,0241","0,2083","0,9463","-0,1010"
"3,2160","0,0359","0,2075","0,7316","-0,0526"
"3,2330","0,0415","0,2071","0,3340","-0,0206"
"3,2500","0,0389","0,2068","-0,1526","-0,0186"
"3,2660","0,0315","0,2096","-0,4644","0,1709"
"3,2830","0,0169","0,2092","-0,8597","-0,0227"
"3,3000","0,0012","0,2121","-0,9257","0,1711"
"3,3160","-0,0180","0,2090","-1,1960","-0,1950"
"3,3330","-0,0329","0,2078","-0,8783","-0,0680"
"3,3500","-0,0426","0,2055","-0,5711","-0,1361"
"3,3660","-0,0452","0,2066","-0,1599","0,0701"
"3,3830","-0,0431","0,2066","0,1216","0,0000"
"3,4000","-0,0373","0,2084","0,3422","0,1031"
"3,4160","-0,0220","0,2115","0,9551","0,1928"
"3,4330","-0,0049","0,2137","1,0040","0,1299"
"3,4500","0,0107","0,2132","0,9195","-0,0268"
"3,4660","0,0246","0,2100","0,8696","-0,2015"
"3,4830","0,0348","0,2095","0,5979","-0,0268"
"3,5000","0,0397","0,2069","0,2886","-0,1546"
"3,5160","0,0357","0,2083","-0,2475","0,0876"
"3,5330","0,0258","0,2113","-0,5834","0,1794"
"3,5500","0,0117","0,2117","-0,8288","0,0227"
"3,5660","-0,0041","0,2126","-0,9901","0,0526"
"3,5830","-0,0224","0,2115","-1,0762","-0,0618"
"3,6000","-0,0353","0,2096","-0,7587","-0,1113"
"3,6160","-0,0430","0,2072","-0,4775","-0,1490"
"3,6330","-0,0432","0,2061","-0,0144","-0,0680"
"3,6500","-0,0418","0,2095","0,0804","0,1979"
"3,6660","-0,0321","0,2112","0,6090","0,1095"
"3,6830","-0,0171","0,2108","0,8803","-0,0247"
"3,7000","-0,0033","0,2131","0,8164","0,1340"
"3,7160","0,0145","0,2105","1,1106","-0,1599"
"3,7330","0,0278","0,2096","0,7834","-0,0557"
"3,7500","0,0379","0,2069","0,5938","-0,1546"
"3,7660","0,0402","0,2048","0,1424","-0,1336"
"3,7830","0,0334","0,2087","-0,3979","0,2309"
"3,8000","0,0228","0,2098","-0,6247","0,0639"
"3,8160","0,0083","0,2118","-0,9091","0,1270"
"3,8330","-0,0054","0,2094","-0,8040","-0,1423"
"3,8500","-0,0224","0,2101","-0,9999","0,0371"
"3,8660","-0,0334","0,2081","-0,6878","-0,1205"
"3,8830","-0,0391","0,2071","-0,3360","-0,0577"
"3,9000","-0,0406","0,2084","-0,0866","0,0742"
"3,9160","-0,0358","0,2074","0,3023","-0,0613"
"3,9330","-0,0261","0,2067","0,5669","-0,0433"
"3,9500","-0,0111","0,2076","0,8844","0,0536"
"3,9660","0,0041","0,2085","0,9507","0,0570"
"3,9830","0,0183","0,2097","0,8329","0,0722"
"4,0000","0,0278","0,2084","0,5608","-0,0804"
"4,0160","0,0356","0,2064","0,4841","-0,1249"
"4,0330","0,0381","0,2051","0,1505","-0,0763"
"4,0500","0,0322","0,2067","-0,3484","0,0948"
"4,0660","0,0185","0,2101","-0,8543","0,2125"
"4,0830","0,0043","0,2118","-0,8391","0,1010"
"4,1000","-0,0123","0,2114","-0,9752","-0,0227"
"4,1160","-0,0265","0,2098","-0,8893","-0,1008"
"4,1330","-0,0376","0,2069","-0,6535","-0,1711"
"4,1500","-0,0410","0,2057","-0,1959","-0,0722"
"4,1660","-0,0406","0,2062","0,0241","0,0329"
"4,1830","-0,0332","0,2071","0,4329","0,0557"
"4,2000","-0,0234","0,2092","0,5752","0,1237"
"4,2160","-0,0100","0,2112","0,8390","0,1205"
"4,2330","0,0054","0,2114","0,9051","0,0144"
"4,2500","0,0193","0,2098","0,8205","-0,0928"
"4,2660","0,0296","0,2091","0,6418","-0,0460"
"4,2830","0,0335","0,2057","0,2309","-0,2000"
"4,3000","0,0353","0,2065","0,1072","0,0454"
"4,3160","0,0284","0,2094","-0,4359","0,1840"
"4,3330","0,0148","0,2099","-0,7979","0,0268"
"4,3500","-0,0013","0,2098","-0,9442","-0,0021"
"4,3660","-0,0147","0,2087","-0,8412","-0,0701"
"4,3830","-0,0280","0,2097","-0,7814","0,0557"
"4,4000","-0,0353","0,2073","-0,4268","-0,1381"
"4,4160","-0,0388","0,2066","-0,2234","-0,0438"
"4,4330","-0,0373","0,2061","0,0887","-0,0330"
"4,4500","-0,0315","0,2084","0,3402","0,1361"
"4,4660","-0,0202","0,2106","0,7119","0,1424"
"4,4830","-0,0036","0,2100","0,9752","-0,0392"
"4,5000","0,0084","0,2104","0,7051","0,0268"
"4,5160","0,0200","0,2109","0,7272","0,0307"
"4,5330","0,0291","0,2095","0,5319","-0,0866"
"4,5500","0,0328","0,2107","0,2165","0,0722"
"4,5660","0,0308","0,2082","-0,1249","-0,1577"
"4,5830","0,0232","0,2077","-0,4453","-0,0289"
"4,6000","0,0109","0,2093","-0,7216","0,0990"
"4,6160","-0,0016","0,2087","-0,7820","-0,0416"
"4,6330","-0,0177","0,2100","-0,9504","0,0763"
"4,6500","-0,0260","0,2074","-0,4865","-0,1546"
"4,6660","-0,0319","0,2052","-0,3702","-0,1358"
"4,6830","-0,0373","0,2058","-0,3134","0,0350"
"4,7000","-0,0332","0,2082","0,2412","0,1402"
"4,7160","-0,0271","0,2095","0,3790","0,0810"
"4,7330","-0,0164","0,2101","0,6288","0,0350"
"4,7500","-0,0014","0,2120","0,8824","0,1155"
"4,7660","0,0123","0,2110","0,8543","-0,0613"
"4,7830","0,0230","0,2099","0,6329","-0,0660"
"4,8000","0,0296","0,2095","0,3855","-0,0268"
"4,8160","0,0337","0,2081","0,2563","-0,0832"
"4,8330","0,0279","0,2103","-0,3422","0,1299"
"4,8500","0,0210","0,2099","-0,4020","-0,0268"
"4,8660","0,0090","0,2113","-0,7492","0,0898"
"4,8830","-0,0056","0,2125","-0,8597","0,0701"
"4,9000","-0,0186","0,2108","-0,7649","-0,1031"
"4,9160","-0,0303","0,2098","-0,7316","-0,0570"
"4,9330","-0,0340","0,2080","-0,2206","-0,1072"
"4,9500","-0,0367","0,2071","-0,1546","-0,0515"
"4,9660","-0,0312","0,2082","0,3395","0,0679"
"4,9830","-0,0237","0,2099","0,4453","0,0990"
"5,0000","-0,0130","0,2124","0,6247","0,1464"
"5,0160","0,0013","0,2130","0,8959","0,0372"
"5,0330","0,0144","0,2114","0,7690","-0,0948"
"5,0500","0,0226","0,2101","0,4845","-0,0763"
"5,0660","0,0301","0,2084","0,4710","-0,1073"
"5,0830","0,0318","0,2099","0,0948","0,0907"
"5,1000","0,0254","0,2099","-0,3752","0,0021"
"5,1160","0,0161","0,2101","-0,5783","0,0088"
"5,1330","0,0044","0,2126","-0,6865","0,1484"
"5,1500","-0,0088","0,2111","-0,7793","-0,0866"
"5,1660","-0,0203","0,2110","-0,7185","-0,0088"
"5,1830","-0,0293","0,2075","-0,5319","-0,2082"
"5,2000","-0,0343","0,2084","-0,2948","0,0577"
"5,2160","-0,0345","0,2088","-0,0088","0,0219"
"5,2330","-0,0294","0,2095","0,2969","0,0433"
"5,2500","-0,0209","0,2118","0,5010","0,1361"
"5,2660","-0,0090","0,2116","0,7448","-0,0131"
"5,2830","0,0055","0,2117","0,8535","0,0062"
"5,3000","0,0164","0,2115","0,6412","-0,0165"
"5,3160","0,0247","0,2111","0,5213","-0,0219"
"5,3330","0,0296","0,2106","0,2886","-0,0268"
"5,3500","0,0269","0,2118","-0,1629","0,0680"
"5,3660","0,0207","0,2110","-0,3833","-0,0504"
"5,3830","0,0144","0,2114","-0,3752","0,0227"
"5,4000","0,0029","0,2115","-0,6742","0,0062"
"5,4160","-0,0124","0,2106","-0,9594","-0,0548"
"5,4330","-0,0224","0,2098","-0,5855","-0,0495"
"5,4500","-0,0299","0,2088","-0,4412","-0,0577"
"5,4660","-0,0335","0,2065","-0,2256","-0,1402"
"5,4830","-0,0322","0,2068","0,0783","0,0144"
"5,5000","-0,0253","0,2093","0,4061","0,1505"
"5,5160","-0,0163","0,2103","0,5608","0,0613"
"5,5330","-0,0059","0,2118","0,6144","0,0886"
"5,5500","0,0074","0,2115","0,7814","-0,0206"
"5,5660","0,0162","0,2120","0,5476","0,0329"
"5,5830","0,0273","0,2085","0,6556","-0,2082"
"5,6000","0,0286","0,2093","0,0763","0,0495"
"5,6160","0,0257","0,2106","-0,1862","0,0810"
"5,6330","0,0191","0,2116","-0,3876","0,0557"
"5,6500","0,0123","0,2101","-0,3979","-0,0845"
"5,6660","-0,0015","0,2093","-0,8631","-0,0504"
"5,6830","-0,0131","0,2103","-0,6803","0,0598"
"5,7000","-0,0245","0,2112","-0,6721","0,0515"
"5,7160","-0,0312","0,2088","-0,4162","-0,1533"
"5,7330","-0,0339","0,2071","-0,1608","-0,0948"
"5,7500","-0,0304","0,2086","0,2041","0,0886"
"5,7660","-0,0230","0,2075","0,4644","-0,0701"
"5,7830","-0,0158","0,2082","0,4206","0,0392"
"5,8000","-0,0060","0,2118","0,5793","0,2144"
"5,8160","0,0086","0,2102","0,9112","-0,1008"
"5,8330","0,0173","0,2098","0,5113","-0,0268"
"5,8500","0,0256","0,2094","0,4886","-0,0227"
"5,8660","0,0264","0,2090","0,0526","-0,0219"
"5,8830","0,0244","0,2098","-0,1196","0,0474"
"5,9000","0,0165","0,2106","-0,4618","0,0474"
"5,9160","0,0065","0,2112","-0,6287","0,0329"
"5,9330","-0,0056","0,2114","-0,7113","0,0124"
"5,9500","-0,0193","0,2119","-0,8082","0,0330"
"5,9660","-0,0263","0,2103","-0,4359","-0,1051"
"5,9830","-0,0321","0,2095","-0,3381","-0,0433"
"6,0000","-0,0333","0,2075","-0,0742","-0,1196"
"6,0160","-0,0285","0,2085","0,3023","0,0613"
"6,0330","-0,0202","0,2074","0,4886","-0,0618"
"6,0500","-0,0120","0,2098","0,4824","0,1402"
"6,0660","0,0006","0,2091","0,7864","-0,0438"
"6,0830","0,0110","0,2094","0,6123","0,0186"
"6,1000","0,0199","0,2103","0,5257","0,0495"
"6,1160","0,0270","0,2103","0,4381","0,0044"
"6,1330","0,0283","0,2086","0,0783","-0,0990"
"6,1500","0,0227","0,2106","-0,3257","0,1175"
"6,1660","0,0162","0,2113","-0,4096","0,0416"
"6,1830","0,0050","0,2077","-0,6556","-0,2123"
"6,2000","-0,0079","0,2103","-0,7628","0,1526"
"6,2160","-0,0179","0,2109","-0,6221","0,0372"
"6,2330","-0,0250","0,2095","-0,4165","-0,0804"
"6,2500","-0,0304","0,2085","-0,3196","-0,0618"
"6,2660","-0,0301","0,2057","0,0197","-0,1752"
"6,2830","-0,0255","0,2092","0,2680","0,2082"
"6,3000","-0,0194","0,2123","0,3608","0,1835"
"6,3160","-0,0089","0,2092","0,6571","-0,1971"
"6,3330","0,0015","0,2113","0,6082","0,1278"
"6,3500","0,0171","0,2143","0,9174","0,1711"
"6,3660","0,0208","0,2103","0,2344","-0,2453"
"6,3830","0,0253","0,2094","0,2618","-0,0557"
"6,4000","0,0234","0,2105","-0,1093","0,0660"
"6,4160","0,0196","0,2102","-0,2410","-0,0175"
"6,4330","0,0121","0,2109","-0,4391","0,0392"
"6,4500","0,0000","0,2106","-0,7092","-0,0186"
"6,4660","-0,0112","0,2101","-0,7010","-0,0285"
"6,4830","-0,0164","0,2102","-0,3072","0,0062"
"6,5000","-0,0258","0,2095","-0,5546","-0,0412"
"6,5160","-0,0280","0,2117","-0,1336","0,1336"
"6,5330","-0,0268","0,2090","0,0660","-0,1546"
"6,5500","-0,0225","0,2109","0,2577","0,1093"
"6,5660","-0,0141","0,2094","0,5257","-0,0920"
"6,5830","-0,0083","0,2106","0,3381","0,0701"
"6,6000","0,0056","0,2119","0,8205","0,0763"
"6,6160","0,0149","0,2112","0,5783","-0,0460"
"6,6330","0,0201","0,2128","0,3051","0,0969"
"6,6500","0,0241","0,2091","0,2371","-0,2185"
"6,6660","0,0238","0,2081","-0,0219","-0,0613"
"6,6830","0,0175","0,2079","-0,3690","-0,0103"
"6,7000","0,0097","0,2130","-0,4556","0,2969"
"6,7160","-0,0033","0,2117","-0,8171","-0,0810"
"6,7330","-0,0140","0,2114","-0,6288","-0,0186"
"6,7500","-0,0212","0,2125","-0,4226","0,0680"
"6,7660","-0,0253","0,2116","-0,2563","-0,0591"
"6,7830","-0,0278","0,2103","-0,1443","-0,0763"
"6,8000","-0,0288","0,2100","-0,0598","-0,0165"
"6,8160","-0,0205","0,2086","0,5170","-0,0898"
"6,8330","-0,0135","0,2116","0,4144","0,1773"
"6,8500","-0,0022","0,2120","0,6597","0,0227"
"6,8660","0,0084","0,2112","0,6659","-0,0482"
"6,8830","0,0181","0,2092","0,5711","-0,1155"
"6,9000","0,0205","0,2104","0,1381","0,0660"
"6,9160","0,0216","0,2107","0,0679","0,0219"
"6,9330","0,0226","0,2099","0,0639","-0,0495"
"6,9500","0,0161","0,2111","-0,3835","0,0701"
"6,9660","0,0068","0,2112","-0,5805","0,0088"
"6,9830","-0,0049","0,2129","-0,6906","0,1010"
"7,0000","-0,0124","0,2113","-0,4412","-0,0928"
"7,0160","-0,0219","0,2111","-0,5936","-0,0153"
"7,0330","-0,0251","0,2107","-0,1855","-0,0247"
"7,0500","-0,0277","0,2102","-0,1567","-0,0309"
"7,0660","-0,0257","0,2088","0,1270","-0,0876"
"7,0830","-0,0200","0,2097","0,3340","0,0557"
"7,1000","-0,0126","0,2110","0,4350","0,0783"
"7,1160","-0,0020","0,2114","0,6637","0,0219"
"7,1330","0,0084","0,2125","0,6123","0,0639"
"7,1500","0,0178","0,2105","0,5505","-0,1154"
"7,1660","0,0209","0,2101","0,1928","-0,0285"
"7,1830","0,0218","0,2108","0,0577","0,0412"
"7,2000","0,0200","0,2111","-0,1051","0,0206"
"7,2160","0,0144","0,2122","-0,3527","0,0679"
"7,2330","0,0066","0,2123","-0,4597","0,0082"
"7,2500","-0,0072","0,2124","-0,8123","0,0021"
"7,2660","-0,0165","0,2098","-0,5783","-0,1599"
"7,2830","-0,0211","0,2116","-0,2742","0,1051"
"7,3000","-0,0250","0,2104","-0,2268","-0,0722"
"7,3160","-0,0253","0,2078","-0,0197","-0,1577"
"7,3330","-0,0215","0,2094","0,2268","0,0907"
"7,3500","-0,0161","0,2109","0,3175","0,0866"
"7,3660","-0,0067","0,2123","0,5849","0,0920"
"7,3830","0,0037","0,2086","0,6123","-0,2206"
"7,4000","0,0103","0,2112","0,3876","0,1567"
"7,4160","0,0187","0,2106","0,5235","-0,0416"
"7,4330","0,0226","0,2101","0,2288","-0,0268"
"7,4500","0,0215","0,2109","-0,0639","0,0454"
"7,4660","0,0185","0,2119","-0,1862","0,0613"
"7,4830","0,0104","0,2117","-0,4762","-0,0124"
"7,5000","0,0009","0,2124","-0,5608","0,0454"
"7,5160","-0,0075","0,2109","-0,5257","-0,0964"
"7,5330","-0,0156","0,2119","-0,4742","0,0577"
"7,5500","-0,0213","0,2098","-0,3360","-0,1196"
"7,5660","-0,0274","0,2110","-0,3833","0,0723"
"7,5830","-0,0238","0,2092","0,2123","-0,1072"
"7,6000","-0,0197","0,2121","0,2412","0,1732"
"7,6160","-0,0119","0,2106","0,4907","-0,0942"
"7,6330","-0,0028","0,2137","0,5360","0,1794"
"7,6500","0,0053","0,2143","0,4742","0,0371"
"7,6660","0,0140","0,2123","0,5432","-0,1270"
"7,6830","0,0205","0,2119","0,3835","-0,0186"
"7,7000","0,0234","0,2114","0,1691","-0,0330"
"7,7160","0,0209","0,2124","-0,1555","0,0657"
"7,7330","0,0166","0,2126","-0,2495","0,0082"
"7,7500","0,0083","0,2119","-0,4907","-0,0412"
"7,7660","-0,0003","0,2123","-0,5367","0,0285"
"7,7830","-0,0089","0,2097","-0,5092","-0,1567"
"7,8000","-0,0169","0,2099","-0,4701","0,0165"
"7,8160","-0,0209","0,2110","-0,2475","0,0679"
"7,8330","-0,0265","0,2130","-0,3278","0,1134"
"7,8500","-0,0246","0,2128","0,1093","-0,0103"
"7,8660","-0,0175","0,2108","0,4425","-0,1227"
"7,8830","-0,0116","0,2117","0,3505","0,0536"
"7,9000","-0,0020","0,2118","0,5628","0,0062"
"7,9160","0,0088","0,2151","0,6769","0,2015"
"7,9330","0,0128","0,2092","0,2350","-0,3422"
"7,9500","0,0199","0,2118","0,4144","0,1505"
"7,9660","0,0237","0,2116","0,2410","-0,0153"
"7,9830","0,0209","0,2096","-0,1691","-0,1134"
"8,0000","0,0149","0,2092","-0,3525","-0,0268"
"8,0160","0,0086","0,2146","-0,3921","0,3417"
"8,0330","-0,0015","0,2092","-0,5958","-0,3195"
"8,0500","-0,0110","0,2099","-0,5546","0,0412"
"8,0660","-0,0185","0,2094","-0,4731","-0,0329"
"8,0830","-0,0211","0,2075","-0,1484","-0,1113"
"8,1000","-0,0251","0,2070","-0,2371","-0,0268"
"8,1160","-0,0216","0,2108","0,2212","0,2322"
"8,1330","-0,0176","0,2123","0,2309","0,0887"
"8,1500","-0,0100","0,2064","0,4474","-0,3464"
"8,1660","0,0002","0,2115","0,6396","0,3198"
"8,1830","0,0078","0,2107","0,4494","-0,0474"
"8,2000","0,0155","0,2153","0,4494","0,2721"
"8,2160","0,0204","0,2105","0,3089","-0,2979"
"8,2330","0,0219","0,2125","0,0886","0,1134"
"8,2500","0,0188","0,2117","-0,1855","-0,0454"
"8,2660","0,0126","0,2126","-0,3855","0,0548"
"8,2830","0,0044","0,2096","-0,4845","-0,1732"
"8,3000","-0,0025","0,2113","-0,4041","0,0969"
"8,3160","-0,0117","0,2110","-0,5761","-0,0197"
"8,3330","-0,0183","0,2113","-0,3855","0,0206"
"8,3500","-0,0236","0,2109","-0,3113","-0,0268"
"8,3660","-0,0258","0,2095","-0,1380","-0,0832"
"8,3830","-0,0219","0,2098","0,2288","0,0144"
"8,4000","-0,0155","0,2073","0,3752","-0,1443"
"8,4160","-0,0085","0,2137","0,4381","0,3965"
"8,4330","-0,0005","0,2116","0,4721","-0,1237"
"8,4500","0,0077","0,2119","0,4824","0,0206"
"8,4660","0,0186","0,2112","0,6769","-0,0438"
"8,4830","0,0194","0,2124","0,0495","0,0722"
"8,5000","0,0193","0,2108","-0,0082","-0,0948"
"8,5160","0,0172","0,2115","-0,1270","0,0416"
"8,5330","0,0087","0,2114","-0,5051","-0,0041"
"8,5500","0,0023","0,2150","-0,3732","0,2082"
"8,5660","-0,0060","0,2141","-0,5213","-0,0548"
"8,5830","-0,0147","0,2112","-0,5092","-0,1711"
"8,6000","-0,0192","0,2127","-0,2680","0,0907"
"8,6160","-0,0238","0,2120","-0,2826","-0,0460"
"8,6330","-0,0227","0,2097","0,0639","-0,1319"
"8,6500","-0,0182","0,2102","0,2618","0,0289"
"8,6660","-0,0135","0,2095","0,2935","-0,0482"
"8,6830","-0,0043","0,2113","0,5443","0,1072"
"8,7000","0,0039","0,2117","0,4804","0,0247"
"8,7160","0,0099","0,2138","0,3746","0,1292"
"8,7330","0,0165","0,2115","0,3917","-0,1340"
"8,7500","0,0208","0,2118","0,2495","0,0165"
"8,7660","0,0199","0,2112","-0,0548","-0,0350"
"8,7830","0,0147","0,2113","-0,3072","0,0062"
"8,8000","0,0088","0,2114","-0,3464","0,0041"
"8,8160","-0,0004","0,2097","-0,5739","-0,1051"
"8,8330","-0,0083","0,2098","-0,4639","0,0041"
"8,8500","-0,0149","0,2113","-0,3896","0,0928"
"8,8660","-0,0184","0,2100","-0,2190","-0,0832"
"8,8830","-0,0215","0,2115","-0,1794","0,0845"
"8,9000","-0,0193","0,2108","0,1258","-0,0392"
"8,9160","-0,0174","0,2091","0,1183","-0,1030"
"8,9330","-0,0094","0,2107","0,4742","0,0928"
"8,9500","-0,0012","0,2121","0,4804","0,0804"
"8,9660","0,0070","0,2095","0,5148","-0,1599"
"8,9830","0,0148","0,2113","0,4577","0,1051"
"9,0000","0,0197","0,2126","0,2886","0,0742"
"9,0160","0,0221","0,2102","0,1511","-0,1489"
"9,0330","0,0176","0,2127","-0,2680","0,1505"
"9,0500","0,0139","0,2118","-0,2165","-0,0536"
"9,0660","0,0102","0,2127","-0,2300","0,0570"
"9,0830","-0,0013","0,2107","-0,6762","-0,1196"
"9,1000","-0,0089","0,2111","-0,4515","0,0206"
"9,1160","-0,0156","0,2105","-0,4162","-0,0350"
"9,1330","-0,0195","0,2112","-0,2309","0,0433"
"9,1500","-0,0199","0,2100","-0,0247","-0,0722"
"9,1660","-0,0190","0,2106","0,0570","0,0372"
"9,1830","-0,0163","0,2106","0,1608","0,0000"
"9,2000","-0,0088","0,2131","0,4391","0,1464"
"9,2160","-0,0018","0,2130","0,4425","-0,0088"
"9,2330","0,0068","0,2146","0,5010","0,0990"
"9,2500","0,0136","0,2120","0,4020","-0,1546"
"9,2660","0,0179","0,2131","0,2716","0,0657"
"9,2830","0,0210","0,2109","0,1773","-0,1299"
"9,3000","0,0168","0,2134","-0,2433","0,1505"
"9,3160","0,0118","0,2145","-0,3154","0,0657"
"9,3330","0,0043","0,2172","-0,4391","0,1629"
"9,3500","-0,0037","0,2139","-0,4701","-0,1959"
"9,3660","-0,0136","0,2115","-0,6177","-0,1489"
"9,3830","-0,0175","0,2093","-0,2330","-0,1319"
"9,4000","-0,0193","0,2106","-0,1051","0,0783"
"9,4160","-0,0196","0,2128","-0,0175","0,1380"
"9,4330","-0,0178","0,2095","0,1051","-0,1959"
"9,4500","-0,0150","0,2160","0,1649","0,3835"
"9,4660","-0,0085","0,2071","0,4074","-0,5564"
"9,4830","0,0015","0,2116","0,5896","0,2639"
"9,5000","0,0086","0,2143","0,4165","0,1608"
"9,5160","0,0149","0,2154","0,3943","0,0701"
"9,5330","0,0169","0,2113","0,1134","-0,2412"
"9,5500","0,0189","0,2134","0,1196","0,1216"
"9,5660","0,0142","0,2125","-0,2935","-0,0591"
"9,5830","0,0089","0,2129","-0,3113","0,0227"
"9,6000","0,0053","0,2108","-0,2103","-0,1237"
"9,6160","-0,0048","0,2119","-0,6309","0,0745"
"9,6330","-0,0109","0,2115","-0,3587","-0,0247"
"9,6500","-0,0159","0,2120","-0,2969","0,0309"
"9,6660","-0,0212","0,2118","-0,3286","-0,0153"
"9,6830","-0,0227","0,2116","-0,0928","-0,0144"
"9,7000","-0,0161","0,2102","0,3938","-0,0825"
"9,7160","-0,0146","0,2127","0,0920","0,1621"
"9,7330","-0,0034","0,2123","0,6597","-0,0268"
"9,7500","0,0024","0,2126","0,3402","0,0165"
"9,7660","0,0093","0,2142","0,4271","0,0986"
"9,7830","0,0137","0,2118","0,2598","-0,1402"
"9,8000","0,0199","0,1835","0,3670","-1,6617"
"9,8160","0,0152","0,2099","-0,2913","1,6494"
"9,8330","0,0127","0,2120","-0,1484","0,1258"
"9,8500","0,0092","0,2121","-0,2062","0,0041"
"9,8660","-0,0001","0,2114","-0,5849","-0,0460"
"9,8830","-0,0060","0,2109","-0,3464","-0,0268"
"9,9000","-0,0136","0,2125","-0,4453","0,0948"
"9,9160","-0,0177","0,2092","-0,2563","-0,2103"
"9,9330","-0,0193","0,2105","-0,0928","0,0763"
"9,9500","-0,0167","0,2104","0,1505","-0,0062"
"9,9660","-0,0157","0,2087","0,0635","-0,1029"
"9,9830","-0,0096","0,2090","0,3567","0,0165"
"10,0000","-0,0019","0,2130","0,4536","0,2330"
"10,0330","0,0106","0,2126","0,3802","-0,0117"
"10,0500","0,0148","0,2110","0,2474","-0,0948"
"10,0660","0,0167","0,2110","0,1161","0,0022"
"10,0830","0,0155","0,2132","-0,0722","0,1319"
"10,1000","0,0119","0,2122","-0,2062","-0,0598"
"10,1160","0,0080","0,2123","-0,2453","0,0022"
"10,1330","0,0007","0,2113","-0,4288","-0,0577"
"10,1500","-0,0080","0,2132","-0,5113","0,1113"
"10,1660","-0,0147","0,2115","-0,4184","-0,1029"
"10,1830","-0,0175","0,2093","-0,1691","-0,1319"
"10,2000","-0,0206","0,2103","-0,1814","0,0577"
"10,2160","-0,0178","0,2093","0,1752","-0,0591"
"10,2330","-0,0133","0,2119","0,2639","0,1526"
"10,2500","-0,0086","0,2132","0,2804","0,0742"
"10,2660","0,0003","0,2134","0,5564","0,0131"
"10,2830","0,0072","0,2131","0,4041","-0,0186"
"10,3000","0,0136","0,2124","0,3752","-0,0412"
"10,3160","0,0154","0,2136","0,1117","0,0789"
"10,3330","0,0136","0,2130","-0,1051","-0,0392"
"10,3500","0,0131","0,2118","-0,0309","-0,0680"
"10,3660","0,0105","0,2144","-0,1621","0,1599"
"10,3830","0,0055","0,2129","-0,2907","-0,0886"
"10,4000","0,0004","0,2160","-0,3010","0,1855"
"10,4160","-0,0100","0,2147","-0,6484","-0,0832"
"10,4330","-0,0162","0,2110","-0,3649","-0,2185"
"10,4500","-0,0165","0,2157","-0,0186","0,2804"
"10,4660","-0,0196","0,2092","-0,1928","-0,4096"
"10,4830","-0,0180","0,2108","0,0928","0,0969"
"10,5000","-0,0128","0,2129","0,3051","0,1237"
"10,5160","-0,0065","0,2107","0,3965","-0,1402"
"10,5330","-0,0022","0,2109","0,2495","0,0144"
"10,5500","0,0058","0,2135","0,4721","0,1505"
"10,5660","0,0103","0,2107","0,2782","-0,1730"
"10,5830","0,0137","0,2121","0,2000","0,0825"
"10,6000","0,0137","0,2101","0,0021","-0,1196"
"10,6160","0,0130","0,2105","-0,0416","0,0263"
"10,6330","0,0065","0,2120","-0,3835","0,0886"
"10,6500","0,0010","0,2125","-0,3237","0,0289"
"10,6660","-0,0061","0,2117","-0,4425","-0,0482"
"10,6830","-0,0131","0,2113","-0,4144","-0,0247"
"10,7000","-0,0173","0,2111","-0,2453","-0,0124"
"10,7160","-0,0187","0,2117","-0,0876","0,0350"
"10,7330","-0,0197","0,2105","-0,0598","-0,0680"
"10,7500","-0,0159","0,2124","0,2206","0,1113"
"10,7660","-0,0108","0,2103","0,3198","-0,1336"
"10,7830","-0,0047","0,2107","0,3608","0,0268"
"10,8000","0,0013","0,2116","0,3525","0,0536"
"10,8160","0,0065","0,2108","0,3264","-0,0504"
"10,8330","0,0125","0,2090","0,3546","-0,1093"
"10,8500","0,0157","0,2102","0,1835","0,0742"
"10,8660","0,0154","0,2102","-0,0175","-0,0022"
"10,8830","0,0115","0,2115","-0,2288","0,0763"
"10,9000","0,0070","0,2141","-0,2618","0,1546"
"10,9160","0,0008","0,2115","-0,3921","-0,1643"
"10,9330","-0,0062","0,2112","-0,4082","-0,0144"
"10,9500","-0,0130","0,2104","-0,4041","-0,0495"
"10,9660","-0,0154","0,2128","-0,1446","0,1489"
"10,9830","-0,0172","0,2103","-0,1113","-0,1484"
"11,0000","-0,0165","0,2089","0,0433","-0,0804"
"11,0160","-0,0139","0,2135","0,1643","0,2891"
"11,0330","-0,0085","0,2116","0,3154","-0,1113"
"11,0500","-0,0037","0,2118","0,2845","0,0082"
"11,0660","0,0042","0,2130","0,4929","0,0745"
"11,0830","0,0085","0,2124","0,2515","-0,0350"
"11,1000","0,0141","0,2101","0,3319","-0,1340"
"11,1160","0,0153","0,2121","0,0745","0,1249"
"11,1330","0,0138","0,2146","-0,0866","0,1505"
"11,1500","0,0086","0,2150","-0,3072","0,0227"
"11,1660","0,0047","0,2111","-0,2431","-0,2431"
"11,1830","-0,0023","0,2109","-0,4123","-0,0144"
"11,2000","-0,0087","0,2106","-0,3752","-0,0186"
"11,2160","-0,0125","0,2097","-0,2388","-0,0570"
"11,2330","-0,0169","0,2116","-0,2618","0,1155"
"11,2500","-0,0168","0,2137","0,0082","0,1196"
"11,2660","-0,0127","0,2157","0,2541","0,1249"
"11,2830","-0,0121","0,2121","0,0350","-0,2103"
"11,3000","-0,0075","0,2130","0,2721","0,0515"
"11,3160","-0,0007","0,2132","0,4271","0,0131"
"11,3330","0,0044","0,2120","0,2969","-0,0680"
"11,3500","0,0100","0,2133","0,3319","0,0783"
"11,3660","0,0134","0,2145","0,2103","0,0745"
"11,3830","0,0127","0,2120","-0,0433","-0,1464"
"11,4000","0,0121","0,2136","-0,0350","0,0907"
"11,4160","0,0090","0,2104","-0,1884","-0,1993"
"11,4330","0,0041","0,2112","-0,2907","0,0454"
"11,4500","-0,0056","0,2139","-0,5711","0,1608"
"11,4660","-0,0120","0,2127","-0,3987","-0,0745"
"11,4830","-0,0143","0,2129","-0,1361","0,0124"
"11,5000","-0,0176","0,2135","-0,1938","0,0350"
"11,5160","-0,0220","0,2110","-0,2782","-0,1577"
"11,5330","-0,0171","0,2113","0,2907","0,0186"
"11,5500","-0,0115","0,2142","0,3319","0,1670"
"11,5660","-0,0072","0,2101","0,2650","-0,2541"
"11,5830","-0,0023","0,2120","0,2866","0,1134"
"11,6000","0,0044","0,2114","0,4000","-0,0350"
"11,6160","0,0083","0,2129","0,2431","0,0920"
"11,6330","0,0099","0,2122","0,0907","-0,0433"
"11,6500","0,0141","0,2114","0,2474","-0,0454"
"11,6660","0,0123","0,2112","-0,1095","-0,0088"
"11,6830","0,0076","0,2112","-0,2804","0,0000"
"11,7000","0,0017","0,2115","-0,3464","0,0144"
"11,7160","-0,0049","0,2134","-0,4118","0,1227"
"11,7330","-0,0112","0,2130","-0,3711","-0,0268"
"11,7500","-0,0145","0,2110","-0,1917","-0,1154"
"11,7660","-0,0163","0,2104","-0,1161","-0,0394"
"11,7830","-0,0179","0,2113","-0,0948","0,0515"
"11,8000","-0,0147","0,2104","0,1938","-0,0515"
"11,8160","-0,0104","0,2118","0,2651","0,0876"
"11,8330","-0,0050","0,2122","0,3175","0,0206"
"11,8500","0,0019","0,2120","0,4041","-0,0103"
"11,8660","0,0075","0,2124","0,3527","0,0241"
"11,8830","0,0098","0,2115","0,1381","-0,0536"
"11,9000","0,0128","0,2122","0,1752","0,0433"
"11,9160","0,0130","0,2149","0,0131","0,1665"
"11,9330","0,0079","0,2116","-0,3031","-0,1897"
"11,9500","0,0046","0,2135","-0,1959","0,1113"
"11,9660","-0,0026","0,2137","-0,4469","0,0110"
"11,9830","-0,0063","0,2133","-0,2165","-0,0206"
"12,0000","-0,0119","0,2121","-0,3299","-0,0742"
"12,0160","-0,0161","0,2138","-0,2629","0,1073"
"12,0330","-0,0177","0,2133","-0,0948","-0,0268"
"12,0500","-0,0172","0,2131","0,0268","-0,0124"
"12,0660","-0,0151","0,2120","0,1336","-0,0679"
"12,0830","-0,0100","0,2116","0,3031","-0,0289"
"12,1000","-0,0048","0,2132","0,3051","0,0990"
"12,1160","0,0018","0,2119","0,4096","-0,0810"
"12,1330","0,0057","0,2120","0,2288","0,0021"
"12,1500","0,0096","0,2138","0,2309","0,1093"
"12,1660","0,0126","0,2136","0,1862","-0,0175"
"12,1830","0,0104","0,2149","-0,1278","0,0763"
"12,2000","0,0073","0,2133","-0,1835","-0,0886"
"12,2160","0,0044","0,2126","-0,1796","-0,0460"
"12,2330","-0,0019","0,2130","-0,3690","0,0247"
"12,2500","-0,0068","0,2133","-0,2886","0,0186"
"12,2660","-0,0132","0,2110","-0,4052","-0,1446"
"12,2830","-0,0170","0,2110","-0,2206","-0,0021"
"12,3000","-0,0172","0,2111","-0,0124","0,0062"
"12,3160","-0,0159","0,2110","0,0789","-0,0088"
"12,3330","-0,0137","0,2125","0,1299","0,0928"
"12,3500","-0,0068","0,2117","0,4061","-0,0474"
"12,3660","-0,0031","0,2150","0,2344","0,2015"
"12,3830","0,0028","0,2133","0,3464","-0,0969"
"12,4000","0,0066","0,2153","0,2247","0,1196"
"12,4160","0,0089","0,2137","0,1446","-0,1051"
"12,4330","0,0108","0,2138","0,1093","0,0082"
"12,4500","0,0112","0,2125","0,0227","-0,0763"
"12,4660","0,0079","0,2131","-0,2037","0,0372"
"12,4830","0,0032","0,2101","-0,2763","-0,1752"
"12,5000","-0,0031","0,2116","-0,3690","0,0866"
"12,5160","-0,0080","0,2109","-0,3089","-0,0460"
"12,5330","-0,0150","0,2122","-0,4144","0,0804"
"12,5500","-0,0163","0,2112","-0,0742","-0,0598"
"12,5660","-0,0172","0,2104","-0,0548","-0,0482"
"12,5830","-0,0153","0,2112","0,1113","0,0433"
"12,6000","-0,0114","0,2124","0,2288","0,0722"
"12,6160","-0,0051","0,2123","0,3921","-0,0044"
"12,6330","-0,0012","0,2147","0,2309","0,1423"
"12,6500","0,0042","0,2138","0,3154","-0,0536"
"12,6660","0,0081","0,2126","0,2453","-0,0745"
"12,6830","0,0126","0,2145","0,2660","0,1072"
"12,7000","0,0113","0,2127","-0,0783","-0,1010"
"12,7160","0,0097","0,2101","-0,1008","-0,1643"
"12,7330","0,0058","0,2122","-0,2268","0,1196"
"12,7500","-0,0004","0,2140","-0,3628","0,1072"
"12,7660","-0,0051","0,2131","-0,2957","-0,0548"
"12,7830","-0,0090","0,2138","-0,2330","0,0433"
"12,8000","-0,0169","0,2143","-0,4639","0,0289"
"12,8160","-0,0154","0,2115","0,0942","-0,1796"
"12,8330","-0,0175","0,2132","-0,1196","0,1031"
"12,8500","-0,0151","0,2123","0,1361","-0,0515"
"12,8660","-0,0099","0,2119","0,3264","-0,0241"
"12,8830","-0,0054","0,2121","0,2660","0,0082"
"12,9000","0,0007","0,2122","0,3608","0,0041"
"12,9160","0,0066","0,2121","0,3680","-0,0044"
"12,9330","0,0106","0,2125","0,2350","0,0227"
"12,9500","0,0118","0,2115","0,0680","-0,0577"
"12,9660","0,0108","0,2124","-0,0613","0,0591"
"12,9830","0,0070","0,2129","-0,2247","0,0268"
"13,0000","0,0044","0,2118","-0,1526","-0,0618"
"13,0160","-0,0009","0,2132","-0,3330","0,0876"
"13,0330","-0,0070","0,2107","-0,3567","-0,1505"
"13,0500","-0,0110","0,2124","-0,2350","0,1031"
"13,0660","-0,0165","0,2136","-0,3461","0,0745"
"13,0830","-0,0161","0,2124","0,0268","-0,0701"
"13,1000","-0,0182","0,2144","-0,1237","0,1134"
"13,1160","-0,0141","0,2117","0,2541","-0,1643"
"13,1330","-0,0099","0,2139","0,2474","0,1258"
"13,1500","-0,0055","0,2149","0,2577","0,0577"
"13,1660","0,0002","0,2150","0,3571","0,0110"
"13,1830","0,0058","0,2102","0,3299","-0,2824"
"13,2000","0,0082","0,2112","0,1402","0,0577"
"13,2160","0,0101","0,2145","0,1205","0,2081"
"13,2330","0,0068","0,2123","-0,1959","-0,1319"
"13,2500","0,0045","0,2102","-0,1319","-0,1237"
"13,2660","-0,0017","0,2143","-0,3899","0,2541"
"13,2830","-0,0049","0,2114","-0,1876","-0,1691"
"13,3000","-0,0091","0,2134","-0,2495","0,1196"
"13,3160","-0,0099","0,2129","-0,0438","-0,0307"
"13,3330","-0,0136","0,2127","-0,2206","-0,0124"
"13,3500","-0,0164","0,2119","-0,1649","-0,0495"
"13,3660","-0,0127","0,2125","0,2300","0,0372"
"13,3830","-0,0122","0,2132","0,0330","0,0433"
"13,4000","-0,0072","0,2127","0,2928","-0,0309"
"13,4160","-0,0022","0,2115","0,3132","-0,0767"
"13,4330","0,0030","0,2153","0,3072","0,2247"
"13,4500","0,0070","0,2124","0,2350","-0,1711"
"13,4660","0,0094","0,2143","0,1490","0,1227"
"13,4830","0,0106","0,2145","0,0701","0,0124"
"13,5000","0,0079","0,2115","-0,1608","-0,1794"
"13,5160","0,0049","0,2106","-0,1862","-0,0526"
"13,5330","0,0010","0,2126","-0,2309","0,1155"
"13,5500","-0,0019","0,2135","-0,1711","0,0515"
"13,5660","-0,0063","0,2090","-0,2760","-0,2782"
"13,5830","-0,0125","0,2165","-0,3628","0,4412"
"13,6000","-0,0135","0,2119","-0,0598","-0,2742"
"13,6160","-0,0150","0,2118","-0,0898","-0,0022"
"13,6330","-0,0138","0,2129","0,0680","0,0598"
"13,6500","-0,0095","0,2085","0,2536","-0,2556"
"13,6660","-0,0049","0,2122","0,2870","0,2322"
"13,6830","-0,0016","0,2134","0,1959","0,0680"
"13,7000","0,0044","0,2116","0,3546","-0,1072"
"13,7160","0,0066","0,2094","0,1358","-0,1336"
"13,7330","0,0097","0,2115","0,1794","0,1216"
"13,7500","0,0088","0,2127","-0,0515","0,0701"
"13,7660","0,0082","0,2135","-0,0350","0,0504"
"13,7830","0,0059","0,2115","-0,1402","-0,1175"
"13,8000","0,0023","0,2138","-0,2082","0,1340"
"13,8160","-0,0023","0,2108","-0,2913","-0,1884"
"13,8330","-0,0068","0,2123","-0,2639","0,0928"
"13,8500","-0,0109","0,2131","-0,2371","0,0474"
"13,8660","-0,0158","0,2108","-0,3089","-0,1468"
"13,8830","-0,0147","0,2105","0,0660","-0,0144"
"13,9000","-0,0126","0,2118","0,1237","0,0763"
"13,9160","-0,0075","0,2130","0,3198","0,0701"
"13,9330","-0,0019","0,2105","0,3278","-0,1443"
"13,9500","0,0006","0,2117","0,1464","0,0701"
"13,9660","0,0045","0,2154","0,2453","0,2344"
"13,9830","0,0097","0,2092","0,3051","-0,3670"
"14,0000","0,0119","0,2113","0,1278","0,1258"
"14,0160","0,0106","0,2136","-0,0810","0,1424"
"14,0330","0,0085","0,2139","-0,1216","0,0144"
"14,0500","0,0041","0,2128","-0,2577","-0,0639"
"14,0660","-0,0002","0,2122","-0,2738","-0,0350"
"14,0830","-0,0035","0,2138","-0,1917","0,0928"
"14,1000","-0,0089","0,2149","-0,3196","0,0618"
"14,1160","-0,0145","0,2099","-0,3505","-0,3067"
"14,1330","-0,0143","0,2115","0,0165","0,0887"
"14,1500","-0,0141","0,2127","0,0082","0,0742"
"14,1660","-0,0137","0,2112","0,0263","-0,0942"
"14,1830","-0,0075","0,2142","0,3649","0,1773"
"14,2000","-0,0032","0,2114","0,2556","-0,1670"
"14,2160","0,0028","0,2089","0,3724","-0,1555"
"14,2330","0,0057","0,2143","0,1732","0,3175"
"14,2500","0,0087","0,2114","0,1711","-0,1711"
"14,2660","0,0096","0,2135","0,0570","0,1336"
"14,2830","0,0102","0,2103","0,0350","-0,1897"
"14,3000","0,0049","0,2129","-0,3072","0,1546"
"14,3160","0,0014","0,2130","-0,2190","0,0022"
"14,3330","-0,0004","0,2170","-0,1072","0,2391"
"14,3500","-0,0066","0,2088","-0,3649","-0,4845"
"14,3660","-0,0091","0,2117","-0,1555","0,1818"
"14,3830","-0,0150","0,2120","-0,3484","0,0186"
"14,4000","-0,0152","0,2113","-0,0144","-0,0392"
"14,4160","-0,0123","0,2134","0,1862","0,1270"
"14,4330","-0,0105","0,2111","0,1031","-0,1319"
"14,4500","-0,0069","0,2126","0,2123","0,0886"
"14,4660","-0,0019","0,2113","0,3111","-0,0832"
"14,4830","0,0056","0,2106","0,4412","-0,0412"
"14,5000","0,0057","0,2133","0,0082","0,1567"
"14,5160","0,0106","0,2118","0,3067","-0,0920"
"14,5330","0,0117","0,2119","0,0619","0,0082"
"14,5500","0,0064","0,2110","-0,3092","-0,0536"
"14,5660","0,0016","0,2117","-0,2979","0,0416"
"14,5830","-0,0010","0,2116","-0,1567","-0,0062"
"14,6000","-0,0034","0,2107","-0,1423","-0,0515"
"14,6160","-0,0074","0,2132","-0,2453","0,1533"
"14,6330","-0,0106","0,2123","-0,1876","-0,0495"
"14,6500","-0,0144","0,2116","-0,2288","-0,0454"
"14,6660","-0,0154","0,2138","-0,0570","0,1380"
"14,6830","-0,0122","0,2110","0,1835","-0,1649"
"14,7000","-0,0063","0,2117","0,3464","0,0454"
"14,7160","-0,0038","0,2110","0,1577","-0,0460"
"14,7330","0,0003","0,2112","0,2412","0,0124"
"14,7500","0,0047","0,2129","0,2598","0,1010"
"14,7660","0,0099","0,2142","0,3242","0,0767"
"14,7830","0,0088","0,2139","-0,0660","-0,0144"
"14,8000","0,0064","0,2132","-0,1361","-0,0433"
"14,8160","0,0073","0,2088","0,0504","-0,2716"
"14,8330","0,0039","0,2132","-0,2000","0,2556"
"14,8500","0,0009","0,2115","-0,1732","-0,1010"
"14,8660","-0,0053","0,2127","-0,3877","0,0810"
"14,8830","-0,0094","0,2109","-0,2412","-0,1072"
"14,9000","-0,0123","0,2149","-0,1711","0,2309"
"14,9160","-0,0163","0,2144","-0,2519","-0,0263"
"14,9330","-0,0130","0,2131","0,1979","-0,0783"
"14,9500","-0,0111","0,2127","0,1113","-0,0247"
"14,9660","-0,0083","0,2146","0,1730","0,1183"
"14,9830","-0,0063","0,2120","0,1175","-0,1505"
"15,0000","0,0036","0,2102","0,5855","-0,1072"
"15,0160","0,0053","0,2066","0,1030","-0,2234"
"15,0330","0,0089","0,2092","0,2103","0,1505"
"15,0500","0,0132","0,2102","0,2556","0,0598"
"15,0660","0,0097","0,2106","-0,2169","0,0241"
"15,0830","0,0065","0,2131","-0,1917","0,1464"
"15,1000","0,0043","0,2117","-0,1258","-0,0783"
"15,1160","-0,0014","0,2124","-0,3592","0,0438"
"15,1330","-0,0084","0,2132","-0,4103","0,0474"
"15,1500","-0,0104","0,2110","-0,1216","-0,1299"
"15,1660","-0,0141","0,2160","-0,2278","0,3110"
"15,1830","-0,0134","0,2141","0,0392","-0,1113"
"15,2000","-0,0102","0,2096","0,1897","-0,2639"
"15,2160","-0,0075","0,2103","0,1687","0,0394"
"15,2330","-0,0050","0,2118","0,1443","0,0907"
"15,2500","-0,0019","0,2112","0,1876","-0,0330"
"15,2660","0,0020","0,2135","0,2431","0,1402"
"15,2830","0,0087","0,2111","0,3896","-0,1423"
"15,3000","0,0097","0,2106","0,0618","-0,0268"
"15,3160","0,0107","0,2114","0,0635","0,0482"
"15,3330","0,0108","0,2125","0,0062","0,0639"
"15,3500","0,0077","0,2143","-0,1814","0,1051"
"15,3660","0,0029","0,2137","-0,3001","-0,0372"
"15,3830","-0,0008","0,2111","-0,2227","-0,1505"
"15,4000","-0,0054","0,2088","-0,2701","-0,1340"
"15,4160","-0,0066","0,2123","-0,0745","0,2190"
"15,4330","-0,0109","0,2108","-0,2495","-0,0907"
"15,4500","-0,0145","0,2156","-0,2165","0,2845"
"15,4660","-0,0110","0,2161","0,2234","0,0329"
"15,4830","-0,0100","0,2166","0,0598","0,0289"
"15,5000","-0,0052","0,2138","0,2783","-0,1670"
"15,5160","-0,0015","0,2158","0,2344","0,1270"
"15,5330","0,0005","0,2128","0,1175","-0,1794"
"15,5500","0,0041","0,2147","0,2123","0,1155"
"15,5660","0,0065","0,2148","0,1490","0,0022"
"15,5830","0,0091","0,2151","0,1526","0,0206"
"15,6000","0,0070","0,2109","-0,1216","-0,2474"
"15,6160","0,0023","0,2164","-0,2979","0,3417"
"15,6330","0,0021","0,2144","-0,0124","-0,1196"
"15,6500","-0,0036","0,2144","-0,3360","0,0000"
"15,6660","-0,0067","0,2150","-0,1884","0,0394"
"15,6830","-0,0104","0,2110","-0,2227","-0,2350"
"15,7000","-0,0136","0,2132","-0,1835","0,1319"
"15,7160","-0,0127","0,2109","0,0570","-0,1468"
"15,7330","-0,0130","0,2116","-0,0186","0,0392"
"15,7500","-0,0066","0,2122","0,3752","0,0371"
"15,7660","-0,0021","0,2136","0,2826","0,0876"
"15,7830","-0,0010","0,2147","0,0618","0,0639"
"15,8000","0,0019","0,2153","0,1691","0,0350"
"15,8160","0,0028","0,2119","0,0570","-0,2103"
"15,8330","0,0067","0,2136","0,2330","0,0969"
"15,8500","0,0060","0,2142","-0,0433","0,0371"
"15,8660","0,0027","0,2133","-0,2037","-0,0570"
"15,8830","0,0012","0,2125","-0,0887","-0,0433"
"15,9000","-0,0011","0,2135","-0,1361","0,0577"
"15,9160","-0,0069","0,2126","-0,3614","-0,0591"
"15,9330","-0,0084","0,2113","-0,0907","-0,0742"
"15,9500","-0,0092","0,2102","-0,0454","-0,0660"
"15,9660","-0,0115","0,2119","-0,1446","0,1095"
"15,9830","-0,0123","0,2140","-0,0474","0,1216"
"16,0000","-0,0096","0,2117","0,1608","-0,1340"
"16,0160","-0,0068","0,2118","0,1752","0,0066"
"16,0330","-0,0021","0,2157","0,2742","0,2268"
"16,0500","0,0003","0,2121","0,1443","-0,2123"
"16,0660","0,0047","0,2118","0,2716","-0,0153"
"16,0830","0,0070","0,2119","0,1381","0,0062"
"16,1000","0,0088","0,2138","0,1010","0,1072"
"16,1160","0,0080","0,2147","-0,0460","0,0591"
"16,1330","0,0056","0,2144","-0,1443","-0,0186"
"16,1500","0,0021","0,2117","-0,2062","-0,1587"
"16,1660","-0,0004","0,2139","-0,1555","0,1402"
"16,1830","-0,0033","0,2138","-0,1670","-0,0062"
"16,2000","-0,0078","0,2144","-0,2680","0,0330"
"16,2160","-0,0120","0,2150","-0,2629","0,0350"
"16,2330","-0,0114","0,2143","0,0371","-0,0392"
"16,2500","-0,0097","0,2133","0,0969","-0,0577"
"16,2660","-0,0100","0,2140","-0,0175","0,0460"
"16,2830","-0,0075","0,2115","0,1464","-0,1526"
"16,3000","-0,0008","0,2107","0,3938","-0,0433"
"16,3160","0,0017","0,2101","0,1599","-0,0416"
"16,3330","0,0050","0,2121","0,1917","0,1196"
"16,3500","0,0074","0,2108","0,1443","-0,0783"
"16,3660","0,0097","0,2127","0,1424","0,1249"
"16,3830","0,0056","0,2150","-0,2391","0,1340"
"16,4000","0,0033","0,2113","-0,1402","-0,2165"
"16,4160","0,0006","0,2123","-0,1665","0,0613"
"16,4330","-0,0025","0,2135","-0,1835","0,0701"
"16,4500","-0,0071","0,2134","-0,2680","-0,0062"
"16,4660","-0,0070","0,2141","0,0066","0,0438"
"16,4830","-0,0109","0,2111","-0,2288","-0,1752"
"16,5000","-0,0115","0,2117","-0,0350","0,0330"
"16,5160","-0,0109","0,2097","0,0329","-0,1270"
"16,5330","-0,0084","0,2112","0,1484","0,0886"
"16,5500","-0,0007","0,2095","0,4536","-0,0969"
"16,5660","0,0013","0,2109","0,1227","0,0876"
"16,5830","0,0050","0,2092","0,2185","-0,1010"
"16,6000","0,0061","0,2119","0,0660","0,1608"
"16,6160","0,0096","0,2106","0,2169","-0,0810"
"16,6330","0,0104","0,2118","0,0495","0,0660"
"16,6500","0,0073","0,2137","-0,1835","0,1155"
"16,6660","0,0028","0,2116","-0,2782","-0,1336"
"16,6830","0,0008","0,2092","-0,1196","-0,1423"
"16,7000","-0,0049","0,2117","-0,3381","0,1464"
"16,7160","-0,0074","0,2123","-0,1511","0,0416"
"16,7330","-0,0119","0,2095","-0,2680","-0,1649"
"16,7500","-0,0136","0,2101","-0,0990","0,0330"
"16,7660","-0,0135","0,2130","0,0088","0,1840"
"16,7830","-0,0108","0,2111","0,1567","-0,1113"
"16,8000","-0,0053","0,2112","0,3237","0,0062"
"16,8160","-0,0039","0,2118","0,0854","0,0372"
"16,8330","0,0003","0,2132","0,2474","0,0783"
"16,8500","0,0055","0,2114","0,3051","-0,1051"
"16,8660","0,0050","0,2080","-0,0285","-0,2125"
"16,8830","0,0072","0,2098","0,1299","0,1051"
"16,9000","0,0086","0,2108","0,0804","0,0598"
"16,9160","0,0054","0,2131","-0,2015","0,1424"
"16,9330","0,0002","0,2109","-0,3010","-0,1278"
"16,9500","-0,0022","0,2085","-0,1443","-0,1381"
"16,9660","-0,0048","0,2103","-0,1643","0,1073"
"16,9830","-0,0075","0,2131","-0,1546","0,1670"
"17,0000","-0,0113","0,2132","-0,2268","0,0041"
"17,0160","-0,0115","0,2115","-0,0110","-0,1029"
"17,0330","-0,0109","0,2104","0,0371","-0,0660"
"17,0500","-0,0080","0,2122","0,1711","0,1072"
"17,0660","-0,0045","0,2095","0,2147","-0,1687"
"17,0830","-0,0001","0,2099","0,2618","0,0206"
"17,1000","0,0017","0,2106","0,1031","0,0454"
"17,1160","0,0063","0,2093","0,2870","-0,0810"
"17,1330","0,0098","0,2104","0,2082","0,0598"
"17,1500","0,0086","0,2119","-0,0701","0,0886"
"17,1660","0,0080","0,2120","-0,0372","0,0110"
"17,1830","0,0056","0,2146","-0,1423","0,1484"
"17,2000","0,0017","0,2135","-0,2288","-0,0639"
"17,2160","-0,0025","0,2075","-0,2607","-0,3768"
"17,2330","-0,0059","0,2104","-0,2020","0,1711"
"17,2500","-0,0080","0,2098","-0,1216","-0,0309"
"17,2660","-0,0103","0,2102","-0,1490","0,0241"
"17,2830","-0,0112","0,2108","-0,0495","0,0309"
"17,3000","-0,0110","0,2108","0,0124","0,0000"
"17,3160","-0,0064","0,2129","0,2848","0,1358"
"17,3330","-0,0028","0,2117","0,2123","-0,0701"
"17,3500","0,0008","0,2117","0,2103","-0,0021"
"17,3660","0,0032","0,2089","0,1490","-0,1730"
"17,3830","0,0048","0,2075","0,0969","-0,0845"
"17,4000","0,0060","0,2075","0,0701","0,0021"
"17,4160","0,0080","0,2127","0,1270","0,3264"
"17,4330","0,0060","0,2113","-0,1196","-0,0845"
"17,4500","0,0052","0,2122","-0,0495","0,0495"
"17,4660","0,0022","0,2152","-0,1840","0,1928"
"17,4830","-0,0033","0,2132","-0,3216","-0,1216"
"17,5000","-0,0064","0,2152","-0,1835","0,1196"
"17,5160","-0,0084","0,2126","-0,1270","-0,1599"
"17,5330","-0,0128","0,2129","-0,2598","0,0165"
"17,5500","-0,0133","0,2155","-0,0268","0,1526"
"17,5660","-0,0119","0,2120","0,0854","-0,2212"
"17,5830","-0,0088","0,2143","0,1814","0,1361"
"17,6000","-0,0012","0,2135","0,4515","-0,0454"
"17,6160","-0,0010","0,2102","0,0110","-0,2103"
"17,6330","0,0012","0,2139","0,1299","0,2206"
"17,6500","0,0057","0,2138","0,2639","-0,0082"
"17,6660","0,0084","0,2108","0,1687","-0,1840"
"17,6830","0,0069","0,2145","-0,0907","0,2185"
"17,7000","0,0060","0,2148","-0,0495","0,0165"
"17,7160","0,0010","0,2097","-0,3132","-0,3176"
"17,7330","-0,0025","0,2097","-0,2062","-0,0041"
"17,7500","-0,0052","0,2115","-0,1567","0,1072"
"17,7660","-0,0052","0,2113","-0,0022","-0,0131"
"17,7830","-0,0101","0,2142","-0,2866","0,1691"
"17,8000","-0,0129","0,2153","-0,1649","0,0701"
"17,8160","-0,0132","0,2137","-0,0197","-0,1008"
"17,8330","-0,0092","0,2104","0,2330","-0,1979"
"17,8500","-0,0057","0,2112","0,2082","0,0515"
"17,8660","-0,0040","0,2095","0,1073","-0,1117"
"17,8830","-0,0004","0,2073","0,2103","-0,1258"
"17,9000","0,0026","0,2098","0,1732","0,1443"
"17,9160","0,0058","0,2079","0,2037","-0,1139"
"17,9330","0,0070","0,2115","0,0680","0,2082"
"17,9500","0,0067","0,2102","-0,0144","-0,0742"
"17,9660","0,0014","0,2132","-0,3308","0,1862"
"17,9830","-0,0007","0,2130","-0,1237","-0,0103"
"18,0000","-0,0040","0,2110","-0,1979","-0,1196"
"18,0160","-0,0066","0,2131","-0,1621","0,1292"
"18,0330","-0,0096","0,2125","-0,1752","-0,0309"
"18,0500","-0,0113","0,2140","-0,1010","0,0845"
"18,0660","-0,0118","0,2119","-0,0329","-0,1270"
"18,0830","-0,0091","0,2127","0,1608","0,0433"
"18,1000","-0,0079","0,2121","0,0742","-0,0350"
"18,1160","-0,0018","0,2125","0,3790","0,0263"
"18,1330","-0,0006","0,2124","0,0680","-0,0041"
"18,1500","0,0018","0,2101","0,1443","-0,1361"
"18,1660","0,0062","0,2089","0,2760","-0,0767"
"18,1830","0,0081","0,2078","0,1072","-0,0639"
"18,2000","0,0074","0,2086","-0,0412","0,0454"
"18,2160","0,0061","0,2112","-0,0789","0,1665"
"18,2330","0,0060","0,2116","-0,0062","0,0206"
"18,2500","0,0002","0,2125","-0,3422","0,0557"
"18,2660","-0,0046","0,2109","-0,3001","-0,1051"
"18,2830","-0,0064","0,2095","-0,1051","-0,0783"
"18,3000","-0,0079","0,2101","-0,0845","0,0309"
"18,3160","-0,0100","0,2107","-0,1336","0,0394"
"18,3330","-0,0100","0,2115","-0,0021","0,0454"
"18,3500","-0,0089","0,2097","0,0660","-0,1010"
"18,3660","-0,0052","0,2095","0,2300","-0,0131"
"18,3830","-0,0054","0,2136","-0,0103","0,2391"
"18,4000","-0,0010","0,2111","0,2577","-0,1464"
"18,4160","0,0008","0,2118","0,1161","0,0460"
"18,4330","0,0032","0,2115","0,1361","-0,0227"
"18,4500","0,0051","0,2118","0,1134","0,0206"
"18,4660","0,0082","0,2073","0,1928","-0,2804"
"18,4830","0,0046","0,2102","-0,2123","0,1711"
"18,5000","0,0037","0,2110","-0,0515","0,0474"
"18,5160","-0,0003","0,2099","-0,2497","-0,0723"
"18,5330","-0,0023","0,2126","-0,1175","0,1587"
"18,5500","-0,0072","0,2109","-0,2866","-0,0990"
"18,5660","-0,0082","0,2113","-0,0657","0,0263"
"18,5830","-0,0112","0,2121","-0,1752","0,0474"
"18,6000","-0,0107","0,2116","0,0309","-0,0330"
"18,6160","-0,0087","0,2122","0,1270","0,0372"
"18,6330","-0,0057","0,2091","0,1732","-0,1814"
"18,6500","-0,0019","0,2106","0,2247","0,0907"
"18,6660","-0,0005","0,2124","0,0876","0,1095"
"18,6830","0,0020","0,2120","0,1464","-0,0206"
"18,7000","0,0071","0,2102","0,3010","-0,1072"
"18,7160","0,0072","0,2128","0,0044","0,1621"
"18,7330","0,0083","0,2114","0,0680","-0,0825"
"18,7500","0,0068","0,2116","-0,0928","0,0144"
"18,7660","0,0015","0,2089","-0,3264","-0,1687"
"18,7830","-0,0000","0,2132","-0,0907","0,2495"
"18,8000","-0,0039","0,2132","-0,2309","0,0000"
"18,8160","-0,0062","0,2101","-0,1402","-0,1950"
"18,8330","-0,0081","0,2101","-0,1113","0,0041"
"18,8500","-0,0113","0,2140","-0,1876","0,2268"
"18,8660","-0,0110","0,2127","0,0131","-0,0767"
"18,8830","-0,0082","0,2134","0,1670","0,0412"
"18,9000","-0,0039","0,2120","0,2515","-0,0866"
"18,9160","-0,0011","0,2121","0,1774","0,0066"
"18,9330","0,0001","0,2130","0,0701","0,0557"
"18,9500","0,0040","0,2130","0,2288","-0,0021"
"18,9660","0,0064","0,2111","0,1490","-0,1183"
"18,9830","0,0053","0,2076","-0,0660","-0,2041"
"19,0000","0,0051","0,2086","-0,0082","0,0598"
"19,0160","0,0041","0,2124","-0,0635","0,2322"
"19,0330","0,0007","0,2093","-0,2020","-0,1794"
"19,0500","-0,0013","0,2120","-0,1175","0,1567"
"19,0660","-0,0043","0,2133","-0,1840","0,0810"
"19,0830","-0,0055","0,2112","-0,0722","-0,1196"
"19,1000","-0,0097","0,2132","-0,2474","0,1134"
"19,1160","-0,0093","0,2141","0,0241","0,0591"
"19,1330","-0,0105","0,2138","-0,0680","-0,0165"
"19,1500","-0,0070","0,2129","0,2041","-0,0536"
"19,1660","-0,0044","0,2131","0,1643","0,0131"
"19,1830","-0,0011","0,2114","0,1959","-0,1031"
"19,2000","0,0009","0,2133","0,1175","0,1134"
"19,2160","0,0040","0,2140","0,1906","0,0416"
"19,2330","0,0062","0,2132","0,1319","-0,0454"
"19,2500","0,0067","0,2160","0,0247","0,1649"
"19,2660","0,0040","0,2189","-0,1643","0,1818"
"19,2830","0,0015","0,2123","-0,1505","-0,3917"
"19,3000","-0,0010","0,2106","-0,1443","-0,0969"
"19,3160","-0,0027","0,2139","-0,1051","0,2037"
"19,3330","-0,0062","0,2145","-0,2103","0,0371"
"19,3500","-0,0065","0,2113","-0,0144","-0,1855"
"19,3660","-0,0107","0,2152","-0,2629","0,2431"
"19,3830","-0,0109","0,2131","-0,0144","-0,1278"
"19,4000","-0,0091","0,2143","0,1051","0,0722"
"19,4160","-0,0053","0,2151","0,2410","0,0482"
"19,4330","-0,0033","0,2156","0,1175","0,0309"
"19,4500","-0,0019","0,2135","0,0825","-0,1237"
"19,4660","0,0009","0,2128","0,1752","-0,0438"
"19,4830","0,0037","0,2147","0,1649","0,1134"
"19,5000","0,0066","0,2126","0,1711","-0,1216"
"19,5160","0,0050","0,2135","-0,1030","0,0548"
"19,5330","0,0044","0,2104","-0,0309","-0,1835"
"19,5500","0,0032","0,2134","-0,0763","0,1752"
"19,5660","0,0007","0,2126","-0,1555","-0,0504"
"19,5830","-0,0052","0,2112","-0,3464","-0,0825"
"19,6000","-0,0062","0,2113","-0,0557","0,0062"
"19,6160","-0,0083","0,2154","-0,1314","0,2563"
"19,6330","-0,0104","0,2121","-0,1258","-0,1917"
"19,6500","-0,0097","0,2108","0,0412","-0,0763"
"19,6660","-0,0098","0,2136","-0,0066","0,1730"
"19,6830","-0,0060","0,2118","0,2268","-0,1072"
"19,7000","-0,0028","0,2137","0,1835","0,1113"
"19,7160","-0,0004","0,2130","0,1533","-0,0416"
"19,7330","0,0024","0,2127","0,1649","-0,0186"
"19,7500","0,0023","0,2163","-0,0062","0,2144"
"19,7660","0,0059","0,2138","0,2212","-0,1577"
"19,7830","0,0058","0,2158","-0,0041","0,1155"
"19,8000","0,0049","0,2153","-0,0536","-0,0268"
"19,8160","0,0022","0,2097","-0,1687","-0,3505"
"19,8330","-0,0021","0,2136","-0,2515","0,2309"
"19,8500","-0,0043","0,2113","-0,1278","-0,1340"
"19,8660","-0,0063","0,2125","-0,1292","0,0701"
"19,8830","-0,0057","0,2129","0,0371","0,0268"
"19,9000","-0,0103","0,2149","-0,2701","0,1175"
"19,9160","-0,0107","0,2138","-0,0219","-0,0701"
"19,9330","-0,0108","0,2144","-0,0082","0,0371"
"19,9500","-0,0060","0,2102","0,2804","-0,2495"
"19,9660","-0,0046","0,2141","0,0898","0,2453"
"19,9830","-0,0002","0,2120","0,2556","-0,1237"
"20,0000","0,0030","0,2139","0,1938","0,1113"
"20,0160","0,0045","0,2127","0,0920","-0,0745"
"20,0330","0,0051","0,2142","0,0330","0,0886"
"20,0500","0,0043","0,2124","-0,0433","-0,1051"
"20,0660","0,0040","0,2119","-0,0197","-0,0307"
"20,0830","0,0016","0,2115","-0,1423","-0,0268"
"20,1000","-0,0012","0,2137","-0,1629","0,1299"
"20,1160","-0,0050","0,2124","-0,2431","-0,0789"
"20,1330","-0,0069","0,2136","-0,1093","0,0660"
"20,1500","-0,0104","0,2119","-0,2041","-0,0969"
"20,1660","-0,0096","0,2126","0,0482","0,0460"
"20,1830","-0,0085","0,2125","0,0660","-0,0082"
"20,2000","-0,0065","0,2136","0,1175","0,0639"
"20,2160","-0,0030","0,2147","0,2169","0,0679"
"20,2330","-0,0011","0,2136","0,1113","-0,0639"
"20,2500","0,0012","0,2117","0,1340","-0,1093"
"20,2660","0,0042","0,2128","0,1928","0,0657"
"20,2830","0,0052","0,2121","0,0557","-0,0392"
"20,3000","0,0054","0,2139","0,0144","0,1072"
"20,3160","0,0044","0,2116","-0,0635","-0,1446"
"20,3330","0,0027","0,2142","-0,0990","0,1505"
"20,3500","-0,0003","0,2122","-0,1773","-0,1175"
"20,3660","-0,0021","0,2141","-0,1117","0,1205"
"20,3830","-0,0044","0,2158","-0,1381","0,0969"
"20,4000","-0,0075","0,2130","-0,1814","-0,1608"
"20,4160","-0,0099","0,2141","-0,1511","0,0679"
"20,4330","-0,0095","0,2156","0,0268","0,0866"
"20,4500","-0,0080","0,2130","0,0866","-0,1505"
"20,4660","-0,0049","0,2116","0,1950","-0,0898"
"20,4830","-0,0020","0,2136","0,1670","0,1175"
"20,5000","-0,0006","0,2113","0,0866","-0,1361"
"20,5160","0,0020","0,2121","0,1577","0,0504"
"20,5330","0,0035","0,2139","0,0907","0,1051"
"20,5500","0,0049","0,2118","0,0804","-0,1196"
"20,5660","0,0041","0,2129","-0,0482","0,0657"
"20,5830","0,0039","0,2096","-0,0124","-0,1938"
"20,6000","0,0018","0,2145","-0,1237","0,2866"
"20,6160","-0,0006","0,2150","-0,1468","0,0350"
"20,6330","-0,0045","0,2144","-0,2330","-0,0392"
"20,6500","-0,0063","0,2135","-0,1031","-0,0495"
"20,6660","-0,0089","0,2130","-0,1621","-0,0350"
"20,6830","-0,0131","0,2152","-0,2495","0,1340"
"20,7000","-0,0105","0,2119","0,1546","-0,1979"
"20,7160","-0,0068","0,2122","0,2300","0,0197"
"20,7330","-0,0039","0,2152","0,1732","0,1794"
"20,7500","-0,0034","0,2145","0,0247","-0,0454"
"20,7660","0,0001","0,2119","0,2212","-0,1621"
"20,7830","0,0025","0,2122","0,1423","0,0186"
"20,8000","0,0038","0,2130","0,0763","0,0495"
"20,8160","0,0044","0,2110","0,0350","-0,1270"
"20,8330","0,0032","0,2124","-0,0722","0,0804"
"20,8500","0,0024","0,2106","-0,0454","-0,1031"
"20,8660","0,0013","0,2123","-0,0701","0,1073"
"20,8830","-0,0012","0,2110","-0,1464","-0,0783"
"20,9000","-0,0040","0,2104","-0,1608","-0,0350"
"20,9160","-0,0106","0,2134","-0,4118","0,1862"
"20,9330","-0,0089","0,2130","0,0990","-0,0206"
"20,9500","-0,0098","0,2131","-0,0536","0,0041"
"20,9660","-0,0074","0,2123","0,1511","-0,0504"
"20,9830","-0,0053","0,2138","0,1216","0,0907"
